time,altitude,velocity,accel_bias,alt (bmp),vert_accel
104.603239471,593.7512, 0.4949,-0.2250, 591.3653,-0.2519
104.623357835,593.7491, 0.4927,-0.2249, 591.3653,-0.2579
104.643465908,593.7469, 0.4906,-0.2248, 591.3653,-0.2505
104.663569147,593.7447, 0.4885,-0.2247, 591.3653,-0.2745
104.683679387,593.7424, 0.4870,-0.2246, 591.3505,-0.1816
