time,altitude,velocity,accel_bias,alt (bmp),vert_accel
6.037250784,594.4060,-1.0148,-0.0123, 596.5704,-0.2225
6.057364390,594.3966,-1.0176,-0.0124, 596.5704,-0.2266
6.077463920,594.3872,-1.0195,-0.0125, 596.5704,-0.1401
6.097560035,594.3778,-1.0218,-0.0126, 596.5704,-0.2108
6.117713849,594.3685,-1.0245,-0.0127, 596.5704,-0.2248
6.137810922,594.3591,-1.0272,-0.0127, 596.5704,-0.2220
6.157918244,594.3497,-1.0299,-0.0128, 596.5704,-0.2212
6.178016942,594.3403,-1.0326,-0.0129, 596.5704,-0.2065
6.198115557,594.3285,-1.0353,-0.0130, 596.5704,-0.1939
